Chromosome	Start_Position	End_Position	nMuts	Avg_intermutation_dist	Size	Tumor_Sample_Barcode	C>G	C>T
8	98129391	98133560	6	833.8	4169	TCGA-A8-A08B	4	2
8	98398603	98403536	8	704.714285714286	4933	TCGA-A8-A08B	1	7
8	98453111	98456466	8	479.285714285714	3355	TCGA-A8-A08B	NA	8
8	124090506	124096810	21	315.2	6304	TCGA-A8-A08B	1	20
12	97437934	97439705	6	354.2	1771	TCGA-A8-A08B	3	3
17	29332130	29336153	7	670.5	4023	TCGA-A8-A08B	4	3
